{
  "last_node_id": 73,
  "last_link_id": 110,
  "nodes": [
    {
      "id": 65,
      "type": "EmptyLatentImage",
      "pos": [
        -715.4816284790039,
        184.05599224853518
      ],
      "size": {
        "0": 315,
        "1": 106
      },
      "flags": {
        "collapsed": true
      },
      "order": 0,
      "mode": 0,
      "outputs": [
        {
          "name": "LATENT",
          "type": "LATENT",
          "links": [
            90
          ],
          "shape": 3,
          "slot_index": 0
        }
      ],
      "properties": {
        "Node name for S&R": "EmptyLatentImage"
      },
      "widgets_values": [
        512,
        512,
        1
      ]
    },
    {
      "id": 64,
      "type": "ImpactKSamplerBasicPipe",
      "pos": [
        -505.4816284790039,
        184.05599224853518
      ],
      "size": {
        "0": 315,
        "1": 242
      },
      "flags": {
        "collapsed": true
      },
      "order": 18,
      "mode": 0,
      "inputs": [
        {
          "name": "basic_pipe",
          "type": "BASIC_PIPE",
          "link": 89
        },
        {
          "name": "latent_image",
          "type": "LATENT",
          "link": 90,
          "slot_index": 1
        }
      ],
      "outputs": [
        {
          "name": "BASIC_PIPE",
          "type": "BASIC_PIPE",
          "links": [],
          "shape": 3,
          "slot_index": 0
        },
        {
          "name": "LATENT",
          "type": "LATENT",
          "links": [
            91
          ],
          "shape": 3,
          "slot_index": 1
        },
        {
          "name": "VAE",
          "type": "VAE",
          "links": [
            92
          ],
          "shape": 3,
          "slot_index": 2
        }
      ],
      "properties": {
        "Node name for S&R": "ImpactKSamplerBasicPipe"
      },
      "widgets_values": [
        4,
        "fixed",
        20,
        7,
        "dpmpp_sde_gpu",
        "karras",
        1
      ]
    },
    {
      "id": 66,
      "type": "VAEDecode",
      "pos": [
        -325.4816284790039,
        184.05599224853518
      ],
      "size": {
        "0": 210,
        "1": 46
      },
      "flags": {
        "collapsed": true
      },
      "order": 21,
      "mode": 0,
      "inputs": [
        {
          "name": "samples",
          "type": "LATENT",
          "link": 91
        },
        {
          "name": "vae",
          "type": "VAE",
          "link": 92
        }
      ],
      "outputs": [
        {
          "name": "IMAGE",
          "type": "IMAGE",
          "links": [
            93,
            100
          ],
          "shape": 3,
          "slot_index": 0
        }
      ],
      "properties": {
        "Node name for S&R": "VAEDecode"
      }
    },
    {
      "id": 62,
      "type": "EditBasicPipe",
      "pos": [
        -685.4816284790039,
        114.0559922485352
      ],
      "size": {
        "0": 267,
        "1": 126
      },
      "flags": {
        "collapsed": true
      },
      "order": 16,
      "mode": 0,
      "inputs": [
        {
          "name": "basic_pipe",
          "type": "BASIC_PIPE",
          "link": 97
        },
        {
          "name": "model",
          "type": "MODEL",
          "link": null
        },
        {
          "name": "clip",
          "type": "CLIP",
          "link": null
        },
        {
          "name": "vae",
          "type": "VAE",
          "link": null
        },
        {
          "name": "positive",
          "type": "CONDITIONING",
          "link": 88
        },
        {
          "name": "negative",
          "type": "CONDITIONING",
          "link": null
        }
      ],
      "outputs": [
        {
          "name": "basic_pipe",
          "type": "BASIC_PIPE",
          "links": [
            89
          ],
          "shape": 3,
          "slot_index": 0
        }
      ],
      "properties": {
        "Node name for S&R": "EditBasicPipe"
      }
    },
    {
      "id": 54,
      "type": "Reroute",
      "pos": [
        -961,
        -301
      ],
      "size": [
        75,
        26
      ],
      "flags": {},
      "order": 8,
      "mode": 0,
      "inputs": [
        {
          "name": "",
          "type": "*",
          "link": 86
        }
      ],
      "outputs": [
        {
          "name": "",
          "type": "CLIP",
          "links": [
            63,
            67,
            69,
            87
          ],
          "slot_index": 0
        }
      ],
      "properties": {
        "showOutputText": false,
        "horizontal": false
      }
    },
    {
      "id": 47,
      "type": "CheckpointLoaderSimple",
      "pos": [
        -1138,
        -315
      ],
      "size": {
        "0": 315,
        "1": 98
      },
      "flags": {
        "collapsed": true
      },
      "order": 1,
      "mode": 0,
      "outputs": [
        {
          "name": "MODEL",
          "type": "MODEL",
          "links": [
            77
          ],
          "shape": 3,
          "slot_index": 0
        },
        {
          "name": "CLIP",
          "type": "CLIP",
          "links": [
            86
          ],
          "shape": 3,
          "slot_index": 1
        },
        {
          "name": "VAE",
          "type": "VAE",
          "links": [
            79
          ],
          "shape": 3,
          "slot_index": 2
        }
      ],
      "properties": {
        "Node name for S&R": "CheckpointLoaderSimple"
      },
      "widgets_values": [
        "juggernaut_final.safetensors"
      ]
    },
    {
      "id": 50,
      "type": "CLIPTextEncode",
      "pos": [
        -844,
        -263
      ],
      "size": {
        "0": 210,
        "1": 124.5997543334961
      },
      "flags": {
        "collapsed": true
      },
      "order": 11,
      "mode": 0,
      "inputs": [
        {
          "name": "clip",
          "type": "CLIP",
          "link": 69
        }
      ],
      "outputs": [
        {
          "name": "CONDITIONING",
          "type": "CONDITIONING",
          "links": [
            66
          ],
          "shape": 3,
          "slot_index": 0
        }
      ],
      "title": "CLIP Negative",
      "properties": {
        "Node name for S&R": "CLIPTextEncode"
      },
      "widgets_values": [
        "nude, nsfw, canvas frame, cartoon, 3d, out-of-frame, ugly, cross-eyed, embedding:JuggernautNegative-neg, embedding:EasyNegative, embedding:bad-hands-5, crowd"
      ],
      "color": "#322",
      "bgcolor": "#533"
    },
    {
      "id": 48,
      "type": "ToBasicPipe",
      "pos": [
        -689,
        -313
      ],
      "size": {
        "0": 241.79998779296875,
        "1": 106
      },
      "flags": {
        "collapsed": true
      },
      "order": 14,
      "mode": 0,
      "inputs": [
        {
          "name": "model",
          "type": "MODEL",
          "link": 77
        },
        {
          "name": "clip",
          "type": "CLIP",
          "link": 63
        },
        {
          "name": "vae",
          "type": "VAE",
          "link": 79
        },
        {
          "name": "positive",
          "type": "CONDITIONING",
          "link": 65,
          "slot_index": 3
        },
        {
          "name": "negative",
          "type": "CONDITIONING",
          "link": 66
        }
      ],
      "outputs": [
        {
          "name": "basic_pipe",
          "type": "BASIC_PIPE",
          "links": [
            76,
            97
          ],
          "shape": 3,
          "slot_index": 0
        }
      ],
      "properties": {
        "Node name for S&R": "ToBasicPipe"
      }
    },
    {
      "id": 59,
      "type": "EmptyLatentImage",
      "pos": [
        -687,
        -375
      ],
      "size": {
        "0": 315,
        "1": 106
      },
      "flags": {
        "collapsed": true
      },
      "order": 2,
      "mode": 0,
      "outputs": [
        {
          "name": "LATENT",
          "type": "LATENT",
          "links": [
            80
          ],
          "shape": 3
        }
      ],
      "properties": {
        "Node name for S&R": "EmptyLatentImage"
      },
      "widgets_values": [
        512,
        768,
        1
      ]
    },
    {
      "id": 69,
      "type": "Reroute",
      "pos": [
        -36,
        -331
      ],
      "size": [
        75,
        26
      ],
      "flags": {},
      "order": 20,
      "mode": 0,
      "inputs": [
        {
          "name": "",
          "type": "*",
          "link": 98
        }
      ],
      "outputs": [
        {
          "name": "",
          "type": "IMAGE",
          "links": [
            99
          ],
          "slot_index": 0
        }
      ],
      "properties": {
        "showOutputText": false,
        "horizontal": false
      },
      "color": "#223",
      "bgcolor": "#335"
    },
    {
      "id": 63,
      "type": "CLIPTextEncode",
      "pos": [
        -877.4816284790039,
        114.0559922485352
      ],
      "size": {
        "0": 403.51849365234375,
        "1": 133.7622528076172
      },
      "flags": {
        "collapsed": true
      },
      "order": 12,
      "mode": 0,
      "inputs": [
        {
          "name": "clip",
          "type": "CLIP",
          "link": 87
        }
      ],
      "outputs": [
        {
          "name": "CONDITIONING",
          "type": "CONDITIONING",
          "links": [
            88
          ],
          "shape": 3,
          "slot_index": 0
        }
      ],
      "title": "CLIP Positive",
      "properties": {
        "Node name for S&R": "CLIPTextEncode"
      },
      "widgets_values": [
        "RAW photo of korean woman face, highly detailed, realistic, portrait\n"
      ],
      "color": "#232",
      "bgcolor": "#353"
    },
    {
      "id": 67,
      "type": "PreviewImage",
      "pos": [
        -175,
        239
      ],
      "size": {
        "0": 210,
        "1": 246
      },
      "flags": {},
      "order": 23,
      "mode": 0,
      "inputs": [
        {
          "name": "images",
          "type": "IMAGE",
          "link": 93
        }
      ],
      "title": "Sample Face Image",
      "properties": {
        "Node name for S&R": "PreviewImage"
      },
      "color": "#432",
      "bgcolor": "#653"
    },
    {
      "id": 3,
      "type": "Reroute",
      "pos": [
        239,
        12
      ],
      "size": [
        75,
        26
      ],
      "flags": {},
      "order": 22,
      "mode": 0,
      "inputs": [
        {
          "name": "",
          "type": "*",
          "link": 99
        }
      ],
      "outputs": [
        {
          "name": "",
          "type": "IMAGE",
          "links": [
            14,
            108
          ],
          "label": "Input Image",
          "slot_index": 0
        }
      ],
      "properties": {
        "showOutputText": false,
        "horizontal": false
      },
      "color": "#223",
      "bgcolor": "#335"
    },
    {
      "id": 58,
      "type": "ImpactKSamplerBasicPipe",
      "pos": [
        -500,
        -310
      ],
      "size": {
        "0": 315,
        "1": 242
      },
      "flags": {
        "collapsed": true
      },
      "order": 15,
      "mode": 0,
      "inputs": [
        {
          "name": "basic_pipe",
          "type": "BASIC_PIPE",
          "link": 76
        },
        {
          "name": "latent_image",
          "type": "LATENT",
          "link": 80,
          "slot_index": 1
        }
      ],
      "outputs": [
        {
          "name": "BASIC_PIPE",
          "type": "BASIC_PIPE",
          "links": [],
          "shape": 3,
          "slot_index": 0
        },
        {
          "name": "LATENT",
          "type": "LATENT",
          "links": [
            81
          ],
          "shape": 3,
          "slot_index": 1
        },
        {
          "name": "VAE",
          "type": "VAE",
          "links": [
            82
          ],
          "shape": 3,
          "slot_index": 2
        }
      ],
      "properties": {
        "Node name for S&R": "ImpactKSamplerBasicPipe"
      },
      "widgets_values": [
        10,
        "fixed",
        20,
        7,
        "dpmpp_sde_gpu",
        "karras",
        1
      ]
    },
    {
      "id": 60,
      "type": "VAEDecode",
      "pos": [
        -340,
        -310
      ],
      "size": {
        "0": 210,
        "1": 46
      },
      "flags": {
        "collapsed": true
      },
      "order": 17,
      "mode": 0,
      "inputs": [
        {
          "name": "samples",
          "type": "LATENT",
          "link": 81
        },
        {
          "name": "vae",
          "type": "VAE",
          "link": 82
        }
      ],
      "outputs": [
        {
          "name": "IMAGE",
          "type": "IMAGE",
          "links": [
            83,
            98
          ],
          "shape": 3,
          "slot_index": 0
        }
      ],
      "properties": {
        "Node name for S&R": "VAEDecode"
      }
    },
    {
      "id": 49,
      "type": "CLIPTextEncode",
      "pos": [
        -840,
        -350
      ],
      "size": {
        "0": 403.51849365234375,
        "1": 133.7622528076172
      },
      "flags": {
        "collapsed": true
      },
      "order": 10,
      "mode": 0,
      "inputs": [
        {
          "name": "clip",
          "type": "CLIP",
          "link": 67
        }
      ],
      "outputs": [
        {
          "name": "CONDITIONING",
          "type": "CONDITIONING",
          "links": [
            65
          ],
          "shape": 3,
          "slot_index": 0
        }
      ],
      "title": "CLIP Positive",
      "properties": {
        "Node name for S&R": "CLIPTextEncode"
      },
      "widgets_values": [
        "RAW photo of blond woman, smiling, highly detailed, realistic, heavy make-up, earrings, tattoos, tank top, close-up"
      ],
      "color": "#232",
      "bgcolor": "#353"
    },
    {
      "id": 13,
      "type": "ImpactImageBatchToImageList",
      "pos": [
        320,
        40
      ],
      "size": {
        "0": 210,
        "1": 26
      },
      "flags": {
        "collapsed": true
      },
      "order": 25,
      "mode": 0,
      "inputs": [
        {
          "name": "image",
          "type": "IMAGE",
          "link": 14
        }
      ],
      "outputs": [
        {
          "name": "IMAGE",
          "type": "IMAGE",
          "links": [
            8,
            11,
            38
          ],
          "shape": 6,
          "slot_index": 0
        }
      ],
      "properties": {
        "Node name for S&R": "ImpactImageBatchToImageList"
      },
      "color": "#223",
      "bgcolor": "#335"
    },
    {
      "id": 17,
      "type": "ImpactImageBatchToImageList",
      "pos": [
        530,
        90
      ],
      "size": {
        "0": 210,
        "1": 26
      },
      "flags": {
        "collapsed": true
      },
      "order": 32,
      "mode": 0,
      "inputs": [
        {
          "name": "image",
          "type": "IMAGE",
          "link": 109
        }
      ],
      "outputs": [
        {
          "name": "IMAGE",
          "type": "IMAGE",
          "links": [
            21
          ],
          "shape": 6,
          "slot_index": 0
        }
      ],
      "properties": {
        "Node name for S&R": "ImpactImageBatchToImageList"
      }
    },
    {
      "id": 7,
      "type": "BboxDetectorSEGS",
      "pos": [
        530,
        -40
      ],
      "size": {
        "0": 315,
        "1": 150
      },
      "flags": {
        "collapsed": true
      },
      "order": 27,
      "mode": 0,
      "inputs": [
        {
          "name": "bbox_detector",
          "type": "BBOX_DETECTOR",
          "link": 7,
          "slot_index": 0
        },
        {
          "name": "image",
          "type": "IMAGE",
          "link": 8
        }
      ],
      "outputs": [
        {
          "name": "SEGS",
          "type": "SEGS",
          "links": [
            10
          ],
          "shape": 3,
          "slot_index": 0
        }
      ],
      "title": "BBOX Detector",
      "properties": {
        "Node name for S&R": "BboxDetectorSEGS"
      },
      "widgets_values": [
        0.5,
        10,
        3,
        10
      ],
      "color": "#222",
      "bgcolor": "#000"
    },
    {
      "id": 9,
      "type": "SAMDetectorSegmented",
      "pos": [
        680,
        -40
      ],
      "size": {
        "0": 315,
        "1": 218
      },
      "flags": {
        "collapsed": true
      },
      "order": 30,
      "mode": 0,
      "inputs": [
        {
          "name": "sam_model",
          "type": "SAM_MODEL",
          "link": 9,
          "slot_index": 0
        },
        {
          "name": "segs",
          "type": "SEGS",
          "link": 10
        },
        {
          "name": "image",
          "type": "IMAGE",
          "link": 11
        }
      ],
      "outputs": [
        {
          "name": "combined_mask",
          "type": "MASK",
          "links": [
            12
          ],
          "shape": 3,
          "slot_index": 0
        },
        {
          "name": "batch_masks",
          "type": "MASKS",
          "links": [],
          "shape": 3,
          "slot_index": 1
        }
      ],
      "title": "SAMDetector",
      "properties": {
        "Node name for S&R": "SAMDetectorSegmented"
      },
      "widgets_values": [
        "center-1",
        0,
        0.93,
        0,
        0.7,
        "False"
      ],
      "color": "#222",
      "bgcolor": "#000"
    },
    {
      "id": 10,
      "type": "SAMLoader",
      "pos": [
        550,
        -90
      ],
      "size": {
        "0": 315,
        "1": 82
      },
      "flags": {
        "collapsed": true
      },
      "order": 3,
      "mode": 0,
      "outputs": [
        {
          "name": "SAM_MODEL",
          "type": "SAM_MODEL",
          "links": [
            9
          ],
          "shape": 3
        }
      ],
      "properties": {
        "Node name for S&R": "SAMLoader"
      },
      "widgets_values": [
        "sam_vit_b_01ec64.pth",
        "AUTO"
      ],
      "color": "#222",
      "bgcolor": "#000"
    },
    {
      "id": 8,
      "type": "UltralyticsDetectorProvider",
      "pos": [
        390,
        -80
      ],
      "size": {
        "0": 315,
        "1": 78
      },
      "flags": {
        "collapsed": true
      },
      "order": 4,
      "mode": 0,
      "outputs": [
        {
          "name": "BBOX_DETECTOR",
          "type": "BBOX_DETECTOR",
          "links": [
            7
          ],
          "shape": 3,
          "slot_index": 0
        },
        {
          "name": "SEGM_DETECTOR",
          "type": "SEGM_DETECTOR",
          "links": [],
          "shape": 3,
          "slot_index": 1
        }
      ],
      "title": "Face Detector",
      "properties": {
        "Node name for S&R": "UltralyticsDetectorProvider"
      },
      "widgets_values": [
        "bbox/face_yolov8n_v2.pt"
      ],
      "color": "#222",
      "bgcolor": "#000"
    },
    {
      "id": 11,
      "type": "MaskToImage",
      "pos": [
        820,
        -40
      ],
      "size": {
        "0": 210,
        "1": 26
      },
      "flags": {
        "collapsed": true
      },
      "order": 33,
      "mode": 0,
      "inputs": [
        {
          "name": "mask",
          "type": "MASK",
          "link": 12
        }
      ],
      "outputs": [
        {
          "name": "IMAGE",
          "type": "IMAGE",
          "links": [
            24
          ],
          "shape": 3,
          "slot_index": 0
        }
      ],
      "title": "Mask to Image",
      "properties": {
        "Node name for S&R": "MaskToImage"
      },
      "color": "#222",
      "bgcolor": "#000"
    },
    {
      "id": 23,
      "type": "Reroute",
      "pos": [
        890,
        -20
      ],
      "size": [
        75,
        26
      ],
      "flags": {},
      "order": 9,
      "mode": 0,
      "inputs": [
        {
          "name": "",
          "type": "*",
          "link": 110
        }
      ],
      "outputs": [
        {
          "name": "",
          "type": "INT",
          "links": [
            25,
            31
          ],
          "slot_index": 0
        }
      ],
      "properties": {
        "showOutputText": false,
        "horizontal": false
      },
      "color": "#222",
      "bgcolor": "#000"
    },
    {
      "id": 20,
      "type": "Mask Morphology",
      "pos": [
        970,
        -40
      ],
      "size": {
        "0": 315,
        "1": 82
      },
      "flags": {
        "collapsed": true
      },
      "order": 34,
      "mode": 0,
      "inputs": [
        {
          "name": "image",
          "type": "IMAGE",
          "link": 24
        },
        {
          "name": "distance",
          "type": "INT",
          "link": 25,
          "widget": {
            "name": "distance"
          },
          "slot_index": 1
        }
      ],
      "outputs": [
        {
          "name": "IMAGE",
          "type": "IMAGE",
          "links": [
            26
          ],
          "shape": 3,
          "slot_index": 0
        }
      ],
      "title": "Expand",
      "properties": {
        "Node name for S&R": "Mask Morphology"
      },
      "widgets_values": [
        5,
        "dilate"
      ],
      "color": "#222",
      "bgcolor": "#000"
    },
    {
      "id": 26,
      "type": "Reroute",
      "pos": [
        1000,
        -20
      ],
      "size": [
        75,
        26
      ],
      "flags": {},
      "order": 13,
      "mode": 0,
      "inputs": [
        {
          "name": "",
          "type": "*",
          "link": 31
        }
      ],
      "outputs": [
        {
          "name": "",
          "type": "INT",
          "links": [
            27
          ]
        }
      ],
      "properties": {
        "showOutputText": false,
        "horizontal": false
      },
      "color": "#222",
      "bgcolor": "#000"
    },
    {
      "id": 21,
      "type": "Blur",
      "pos": [
        1080,
        -40
      ],
      "size": {
        "0": 315,
        "1": 82
      },
      "flags": {
        "collapsed": true
      },
      "order": 35,
      "mode": 0,
      "inputs": [
        {
          "name": "image",
          "type": "IMAGE",
          "link": 26
        },
        {
          "name": "radius",
          "type": "INT",
          "link": 27,
          "widget": {
            "name": "radius"
          }
        }
      ],
      "outputs": [
        {
          "name": "IMAGE",
          "type": "IMAGE",
          "links": [
            23
          ],
          "shape": 3
        }
      ],
      "properties": {
        "Node name for S&R": "Blur"
      },
      "widgets_values": [
        5,
        1
      ],
      "color": "#222",
      "bgcolor": "#000"
    },
    {
      "id": 19,
      "type": "Reroute",
      "pos": [
        1180,
        -70
      ],
      "size": [
        75,
        26
      ],
      "flags": {},
      "order": 36,
      "mode": 0,
      "inputs": [
        {
          "name": "",
          "type": "*",
          "link": 23
        }
      ],
      "outputs": [
        {
          "name": "",
          "type": "IMAGE",
          "links": [
            18,
            22,
            33
          ]
        }
      ],
      "properties": {
        "showOutputText": false,
        "horizontal": false
      },
      "color": "#222",
      "bgcolor": "#000"
    },
    {
      "id": 18,
      "type": "Cut By Mask",
      "pos": [
        1270,
        90
      ],
      "size": {
        "0": 342.5999755859375,
        "1": 122
      },
      "flags": {
        "collapsed": true,
        "pinned": false
      },
      "order": 37,
      "mode": 0,
      "inputs": [
        {
          "name": "image",
          "type": "IMAGE",
          "link": 21
        },
        {
          "name": "mask",
          "type": "IMAGE",
          "link": 22
        },
        {
          "name": "mask_mapping_optional",
          "type": "MASK_MAPPING",
          "link": null
        }
      ],
      "outputs": [
        {
          "name": "IMAGE",
          "type": "IMAGE",
          "links": [
            17
          ],
          "shape": 3,
          "slot_index": 0
        }
      ],
      "properties": {
        "Node name for S&R": "Cut By Mask"
      },
      "widgets_values": [
        0,
        0
      ],
      "color": "#223",
      "bgcolor": "#335"
    },
    {
      "id": 14,
      "type": "Reroute",
      "pos": [
        1320,
        10
      ],
      "size": [
        75,
        26
      ],
      "flags": {},
      "order": 28,
      "mode": 0,
      "inputs": [
        {
          "name": "",
          "type": "*",
          "link": 38
        }
      ],
      "outputs": [
        {
          "name": "",
          "type": "IMAGE",
          "links": [
            16
          ],
          "slot_index": 0
        }
      ],
      "properties": {
        "showOutputText": false,
        "horizontal": false
      },
      "color": "#223",
      "bgcolor": "#335"
    },
    {
      "id": 15,
      "type": "Paste By Mask",
      "pos": [
        1410,
        90
      ],
      "size": {
        "0": 342.5999755859375,
        "1": 118
      },
      "flags": {
        "collapsed": true,
        "pinned": false
      },
      "order": 39,
      "mode": 0,
      "inputs": [
        {
          "name": "image_base",
          "type": "IMAGE",
          "link": 16
        },
        {
          "name": "image_to_paste",
          "type": "IMAGE",
          "link": 17
        },
        {
          "name": "mask",
          "type": "IMAGE",
          "link": 18
        },
        {
          "name": "mask_mapping_optional",
          "type": "MASK_MAPPING",
          "link": null
        }
      ],
      "outputs": [
        {
          "name": "IMAGE",
          "type": "IMAGE",
          "links": [
            34
          ],
          "shape": 3,
          "slot_index": 0
        }
      ],
      "properties": {
        "Node name for S&R": "Paste By Mask"
      },
      "widgets_values": [
        "source_size"
      ],
      "color": "#223",
      "bgcolor": "#335"
    },
    {
      "id": 73,
      "type": "Note",
      "pos": [
        1280,
        140
      ],
      "size": [
        270,
        80
      ],
      "flags": {},
      "order": 5,
      "mode": 0,
      "properties": {
        "text": ""
      },
      "widgets_values": [
        "Paste the new face back to the original image. Feather the mask so the paste isn't as jarring."
      ],
      "color": "#432",
      "bgcolor": "#653"
    },
    {
      "id": 29,
      "type": "Reroute",
      "pos": [
        1560,
        60
      ],
      "size": [
        75,
        26
      ],
      "flags": {},
      "order": 41,
      "mode": 0,
      "inputs": [
        {
          "name": "",
          "type": "*",
          "link": 34
        }
      ],
      "outputs": [
        {
          "name": "",
          "type": "IMAGE",
          "links": [
            37
          ],
          "slot_index": 0,
          "label": "Result"
        }
      ],
      "properties": {
        "showOutputText": false,
        "horizontal": false
      },
      "color": "#223",
      "bgcolor": "#335"
    },
    {
      "id": 28,
      "type": "Reroute",
      "pos": [
        1320,
        -70
      ],
      "size": [
        75,
        26
      ],
      "flags": {},
      "order": 38,
      "mode": 0,
      "inputs": [
        {
          "name": "",
          "type": "*",
          "link": 33
        }
      ],
      "outputs": [
        {
          "name": "",
          "type": "IMAGE",
          "links": [
            102
          ],
          "slot_index": 0,
          "label": "Mask"
        }
      ],
      "properties": {
        "showOutputText": false,
        "horizontal": false
      },
      "color": "#222",
      "bgcolor": "#000"
    },
    {
      "id": 71,
      "type": "PreviewImage",
      "pos": [
        1490,
        -100
      ],
      "size": [
        140,
        140
      ],
      "flags": {},
      "order": 40,
      "mode": 0,
      "inputs": [
        {
          "name": "images",
          "type": "IMAGE",
          "link": 102
        }
      ],
      "title": "Preview Mask",
      "properties": {
        "Node name for S&R": "PreviewImage"
      },
      "color": "#222",
      "bgcolor": "#000"
    },
    {
      "id": 22,
      "type": "ImpactInt",
      "pos": [
        680,
        130
      ],
      "size": [
        210,
        60
      ],
      "flags": {},
      "order": 6,
      "mode": 0,
      "outputs": [
        {
          "name": "INT",
          "type": "INT",
          "links": [
            110
          ],
          "shape": 3,
          "slot_index": 0
        }
      ],
      "title": "Feather Mask",
      "properties": {
        "Node name for S&R": "ImpactInt"
      },
      "widgets_values": [
        4
      ],
      "color": "#222",
      "bgcolor": "#000"
    },
    {
      "id": 4,
      "type": "ReActorFaceSwap",
      "pos": [
        320,
        90
      ],
      "size": {
        "0": 273.77239990234375,
        "1": 290
      },
      "flags": {
        "collapsed": true
      },
      "order": 29,
      "mode": 0,
      "inputs": [
        {
          "name": "source_image",
          "type": "IMAGE",
          "link": 107
        },
        {
          "name": "input_image",
          "type": "IMAGE",
          "link": 108
        },
        {
          "name": "face_model",
          "type": "FACE_MODEL",
          "link": null
        }
      ],
      "outputs": [
        {
          "name": "IMAGE",
          "type": "IMAGE",
          "links": [
            1,
            109
          ],
          "shape": 3,
          "slot_index": 0
        },
        {
          "name": "FACE_MODEL",
          "type": "FACE_MODEL",
          "links": null,
          "shape": 3,
          "slot_index": 1
        }
      ],
      "properties": {
        "Node name for S&R": "ReActorFaceSwap"
      },
      "widgets_values": [
        true,
        "inswapper_128.onnx",
        "YOLOv5n",
        "GFPGANv1.4.pth",
        "no",
        "no",
        "0",
        "0",
        1
      ],
      "color": "#322",
      "bgcolor": "#533"
    },
    {
      "id": 72,
      "type": "Note",
      "pos": [
        320,
        130
      ],
      "size": {
        "0": 234.95347595214844,
        "1": 58
      },
      "flags": {},
      "order": 7,
      "mode": 0,
      "properties": {
        "text": ""
      },
      "widgets_values": [
        "Face swap with a face restore."
      ],
      "color": "#432",
      "bgcolor": "#653"
    },
    {
      "id": 30,
      "type": "Reroute",
      "pos": [
        240,
        60
      ],
      "size": [
        75,
        26
      ],
      "flags": {},
      "order": 26,
      "mode": 0,
      "inputs": [
        {
          "name": "",
          "type": "*",
          "link": 101
        }
      ],
      "outputs": [
        {
          "name": "",
          "type": "IMAGE",
          "links": [
            107
          ],
          "label": "Source Image",
          "slot_index": 0
        }
      ],
      "properties": {
        "showOutputText": false,
        "horizontal": false
      },
      "color": "#432",
      "bgcolor": "#653"
    },
    {
      "id": 61,
      "type": "PreviewImage",
      "pos": [
        240,
        290
      ],
      "size": [
        510,
        790
      ],
      "flags": {},
      "order": 19,
      "mode": 0,
      "inputs": [
        {
          "name": "images",
          "type": "IMAGE",
          "link": 83
        }
      ],
      "title": "Start Image",
      "properties": {
        "Node name for S&R": "PreviewImage"
      },
      "color": "#233",
      "bgcolor": "#355"
    },
    {
      "id": 2,
      "type": "PreviewImage",
      "pos": [
        750,
        290
      ],
      "size": [
        510,
        790
      ],
      "flags": {
        "collapsed": false
      },
      "order": 31,
      "mode": 0,
      "inputs": [
        {
          "name": "images",
          "type": "IMAGE",
          "link": 1
        }
      ],
      "title": "Preview ReActor",
      "properties": {
        "Node name for S&R": "PreviewImage"
      },
      "color": "#322",
      "bgcolor": "#533"
    },
    {
      "id": 16,
      "type": "PreviewImage",
      "pos": [
        1260,
        290
      ],
      "size": [
        510,
        790
      ],
      "flags": {},
      "order": 42,
      "mode": 0,
      "inputs": [
        {
          "name": "images",
          "type": "IMAGE",
          "link": 37
        }
      ],
      "title": "Final Image",
      "properties": {
        "Node name for S&R": "PreviewImage"
      },
      "color": "#223",
      "bgcolor": "#335"
    },
    {
      "id": 70,
      "type": "Reroute",
      "pos": [
        -30,
        160
      ],
      "size": [
        75,
        26
      ],
      "flags": {},
      "order": 24,
      "mode": 0,
      "inputs": [
        {
          "name": "",
          "type": "*",
          "link": 100
        }
      ],
      "outputs": [
        {
          "name": "",
          "type": "IMAGE",
          "links": [
            101
          ]
        }
      ],
      "properties": {
        "showOutputText": false,
        "horizontal": false
      },
      "color": "#432",
      "bgcolor": "#653"
    }
  ],
  "links": [
    [
      1,
      4,
      0,
      2,
      0,
      "IMAGE"
    ],
    [
      7,
      8,
      0,
      7,
      0,
      "BBOX_DETECTOR"
    ],
    [
      8,
      13,
      0,
      7,
      1,
      "IMAGE"
    ],
    [
      9,
      10,
      0,
      9,
      0,
      "SAM_MODEL"
    ],
    [
      10,
      7,
      0,
      9,
      1,
      "SEGS"
    ],
    [
      11,
      13,
      0,
      9,
      2,
      "IMAGE"
    ],
    [
      12,
      9,
      0,
      11,
      0,
      "MASK"
    ],
    [
      14,
      3,
      0,
      13,
      0,
      "IMAGE"
    ],
    [
      16,
      14,
      0,
      15,
      0,
      "IMAGE"
    ],
    [
      17,
      18,
      0,
      15,
      1,
      "IMAGE"
    ],
    [
      18,
      19,
      0,
      15,
      2,
      "IMAGE"
    ],
    [
      21,
      17,
      0,
      18,
      0,
      "IMAGE"
    ],
    [
      22,
      19,
      0,
      18,
      1,
      "IMAGE"
    ],
    [
      23,
      21,
      0,
      19,
      0,
      "*"
    ],
    [
      24,
      11,
      0,
      20,
      0,
      "IMAGE"
    ],
    [
      25,
      23,
      0,
      20,
      1,
      "INT"
    ],
    [
      26,
      20,
      0,
      21,
      0,
      "IMAGE"
    ],
    [
      27,
      26,
      0,
      21,
      1,
      "INT"
    ],
    [
      31,
      23,
      0,
      26,
      0,
      "*"
    ],
    [
      33,
      19,
      0,
      28,
      0,
      "*"
    ],
    [
      34,
      15,
      0,
      29,
      0,
      "*"
    ],
    [
      37,
      29,
      0,
      16,
      0,
      "IMAGE"
    ],
    [
      38,
      13,
      0,
      14,
      0,
      "*"
    ],
    [
      63,
      54,
      0,
      48,
      1,
      "CLIP"
    ],
    [
      65,
      49,
      0,
      48,
      3,
      "CONDITIONING"
    ],
    [
      66,
      50,
      0,
      48,
      4,
      "CONDITIONING"
    ],
    [
      67,
      54,
      0,
      49,
      0,
      "CLIP"
    ],
    [
      69,
      54,
      0,
      50,
      0,
      "CLIP"
    ],
    [
      76,
      48,
      0,
      58,
      0,
      "BASIC_PIPE"
    ],
    [
      77,
      47,
      0,
      48,
      0,
      "MODEL"
    ],
    [
      79,
      47,
      2,
      48,
      2,
      "VAE"
    ],
    [
      80,
      59,
      0,
      58,
      1,
      "LATENT"
    ],
    [
      81,
      58,
      1,
      60,
      0,
      "LATENT"
    ],
    [
      82,
      58,
      2,
      60,
      1,
      "VAE"
    ],
    [
      83,
      60,
      0,
      61,
      0,
      "IMAGE"
    ],
    [
      86,
      47,
      1,
      54,
      0,
      "*"
    ],
    [
      87,
      54,
      0,
      63,
      0,
      "CLIP"
    ],
    [
      88,
      63,
      0,
      62,
      4,
      "CONDITIONING"
    ],
    [
      89,
      62,
      0,
      64,
      0,
      "BASIC_PIPE"
    ],
    [
      90,
      65,
      0,
      64,
      1,
      "LATENT"
    ],
    [
      91,
      64,
      1,
      66,
      0,
      "LATENT"
    ],
    [
      92,
      64,
      2,
      66,
      1,
      "VAE"
    ],
    [
      93,
      66,
      0,
      67,
      0,
      "IMAGE"
    ],
    [
      97,
      48,
      0,
      62,
      0,
      "BASIC_PIPE"
    ],
    [
      98,
      60,
      0,
      69,
      0,
      "*"
    ],
    [
      99,
      69,
      0,
      3,
      0,
      "*"
    ],
    [
      100,
      66,
      0,
      70,
      0,
      "*"
    ],
    [
      101,
      70,
      0,
      30,
      0,
      "*"
    ],
    [
      102,
      28,
      0,
      71,
      0,
      "IMAGE"
    ],
    [
      107,
      30,
      0,
      4,
      0,
      "IMAGE"
    ],
    [
      108,
      3,
      0,
      4,
      1,
      "IMAGE"
    ],
    [
      109,
      4,
      0,
      17,
      0,
      "IMAGE"
    ],
    [
      110,
      22,
      0,
      23,
      0,
      "*"
    ]
  ],
  "groups": [
    {
      "title": "Face Swap and Face Restore",
      "bounding": [
        232,
        -175,
        1427,
        410
      ],
      "color": "#3f789e",
      "font_size": 24,
      "locked": false
    },
    {
      "title": "DEMO - Generate Source Image",
      "bounding": [
        -1159,
        -457,
        1216,
        484
      ],
      "color": "#88A",
      "font_size": 24,
      "locked": false
    },
    {
      "title": "DEMO - Generate Face Image",
      "bounding": [
        -1156,
        46,
        1212,
        458
      ],
      "color": "#b58b2a",
      "font_size": 24,
      "locked": false
    }
  ],
  "config": {},
  "extra": {},
  "version": 0.4
}